Model,Accuracy,Precision,Recall,F1,ROC_AUC
LogisticRegression,0.5685714285714286,0.2628032345013477,0.7738095238095238,0.3923541247484909,0.6557677949228471
RandomForest,0.8128571428571428,0.3333333333333333,0.03968253968253968,0.07092198581560283,0.6467770034843205
GradientBoosting,0.8171428571428572,0.35714285714285715,0.01984126984126984,0.03759398496240601,0.6668636966981915
